entity_id,type,unit,2025-01-01T05:00:00.000Z,2025-02-01T05:00:00.000Z,2025-03-01T05:00:00.000Z,2025-04-01T04:00:00.000Z,2025-05-01T04:00:00.000Z,2025-06-01T04:00:00.000Z,2025-07-01T04:00:00.000Z,2025-08-01T04:00:00.000Z,2025-09-01T04:00:00.000Z,2025-10-01T04:00:00.000Z,2025-11-01T04:00:00.000Z,2025-12-01T05:00:00.000Z
sensor.emoncms_10_0_2_120_emoncms_panel_1_left_use_kwh,grid_consumption,kWh,47.80000000000018,12.909999999999854,,-161.82999999999993,239.9300000000003,133.98000000000002,188.30999999999995,181.0399999999995,163.32999999999993,119.20000000000073,50.92000000000007,3.869999999999891
sensor.emoncms_10_0_2_120_emoncms_panel_1_right_use_kwh,grid_consumption,kWh,111.42000000000053,26.73999999999978,,-218.23999999999933,375.1099999999997,194.64000000000033,252.76999999999953,242.42000000000007,219.52000000000044,157.1299999999992,64.86000000000058,4.710000000000036
sensor.emoncms_10_0_2_120_emoncms_panel_2_left_use_kwh,grid_consumption,kWh,651.460000000001,99.89999999999964,,-974.880000000001,1136.9500000000007,612.2700000000004,664.2199999999975,644.880000000001,605.0499999999993,693.5699999999997,567.7900000000009,31.38000000000102
sensor.emoncms_10_0_2_120_emoncms_panel_2_right_use_kwh,grid_consumption,kWh,748.2299999999996,139.65999999999985,,-3475.5200000000004,1131.050000000003,1430.3199999999997,1474.2199999999975,1471.4099999999999,1392.4800000000032,1125.25,908.8100000000013,80.29999999999563
sensor.emoncms_10_0_2_120_emoncms_panel_1_left_use_kwh_cost,grid_consumption_cost,USD,5.251399999998398,1.420099999999561,,-17.77709999999803,26.39010000000036,14.736700000000837,20.710800000005165,19.905600000003687,17.96299999998662,12.976700000002424,5.600099999998122,0.42570000000023356
sensor.emoncms_10_0_2_120_emoncms_panel_1_right_use_kwh_cost,grid_consumption_cost,USD,12.24849999999942,2.941400000000783,,-23.976699999999173,41.2587999999964,21.407100000003183,27.799200000003367,26.6563000000002,24.142799999992093,17.14460000000321,7.133500000007302,0.5181000000007714
sensor.emoncms_10_0_2_120_emoncms_panel_2_left_use_kwh_cost,grid_consumption_cost,USD,71.60339999999994,10.988999999999805,,-107.12239999999386,125.05239999998577,67.34089999999856,73.0575999999889,70.8872999999918,66.54669999994974,75.78450000000214,62.436000000003105,3.451800000000617
sensor.emoncms_10_0_2_120_emoncms_panel_2_right_use_kwh_cost,grid_consumption_cost,USD,82.25249999999414,15.362599999999475,,-382.04760000000545,124.3890999999839,157.31979999999797,162.14880000000431,161.76820000000055,153.15740000000494,123.04710000000216,99.940500000003,8.833000000000311
sensor.sensor_cerbo_total_battery_in_integral,battery_in,kWh,196.0840000000003,39.659000000000106,-2617.417417,660.795,892.4819999999996,501.4010000000003,214.54899999999998,-2269.227,0,0,296.753,57.28899999999999
sensor.sensor_cerbo_total_battery_out_integral,battery_out,kWh,253.75200000000018,51.15099999999984,-2226.239,319.5340000000001,451.4209999999998,581.444,304.69000000000005,-1657.089,0,0,330.0149999999999,55.85199999999986
sensor.mppt_01_solar_yield_today,solar_production,kWh,87.30000000001985,19.00000000000432,,-491.3000000001175,203.30000000003963,196.2000000000437,202.70000000002563,187.79999999986512,166.99999999987995,146.2999999998833,145.29999999988536,12.899999999992588
sensor.mppt_02_solar_yield_today,solar_production,kWh,98.90000000002249,22.100000000005025,,-514.000000000108,152.10000000003112,156.90000000003323,168.80000000003622,153.900000000035,127.20000000002892,103.99999999991769,104.99999999990519,5.799999999994725
sensor.kitchen_wall_switch_0xbc33acfffec99b83_energy,device_consumption,kWh,5.130000000000045,4.670000000000051,6.250000000000071,7.5900000000000105,7.320000000000064,6.150000000000084,8.509999999999934,5.709999999999781,8.229999999999706,5.809999999999832,4.099999999999838,0.22999999999998977
sensor.0x00158d0002a9cb7a_energy,device_consumption,kWh,0.7200000000000273,0,0,0.2599999999999909,0.8999999999998636,0.010000000000218279,0.10999999999989996,0,0,0,0,0.11999999999989086
sensor.portable_power_sensor_02_energy,device_consumption,kWh,155.05,30.860000000000014,0,10.069999999999936,35.5,18.340000000000032,24.649999999999977,38.92000000000007,32.01999999999998,22.219999999999914,32.81000000000006,2.230000000000018
sensor.portable_power_sensor_09_energy,device_consumption,kWh,,,,,,,,,,59.08,111.83999999999999,7.5400000000000205
sensor.portable_power_sensor_07_energy,device_consumption,kWh,,,,,,,,,,17.9,30.36,3.3299999999999983
sensor.portable_power_sensor_08_energy,device_consumption,kWh,,,,,,,,,,,332.13,35.660000000000025
sensor.portable_cable_switch_01_electric_consumption_kwh,device_consumption,kWh,,,,,,,,,,,14452.738000000103,57.046000000453205
,calculated_consumed_grid,kWh,1549.0260000000433,279.2099999999991,0,0,2345.9580000000747,2222.909000000077,2579.5199999999945,2539.7500000000005,2380.380000000003,2095.1499999999996,1545.9269999997935,81.6709999999839
,calculated_grid_to_battery,kWh,9.88399999995795,0,0,0,537.0819999999289,148.30099999992336,0,0,0,0,46.45300000020944,38.589000000012675
,calculated_consumed_battery,kWh,253.75200000000018,51.15099999999984,0,0,451.4209999999998,581.444,304.69000000000005,0,0,0,330.0149999999999,55.85199999999986
,calculated_consumed_solar,kWh,0,1.4410000000092396,0,0,0,0,156.95100000006187,341.6999999999001,294.19999999990887,250.299999999801,0,0
,calculated_solar_to_battery,kWh,186.20000000004234,39.659000000000106,0,0,355.40000000007075,353.10000000007693,214.54899999999998,0,0,0,250.29999999979054,18.699999999987313
,calculated_total_consumption,kWh,1802.7780000000434,331.8020000000082,0,-341.26099999999985,2797.3790000000745,2804.353000000077,3041.1610000000564,2881.4499999999007,2674.5799999999117,2345.4499999998006,1875.9419999997933,137.52299999998377
